City,2010,2011,2012,2013,2014,2015,2016,2017,2018,2019,2020,2021,2022
Adelanto city,"31,661","31,864","31,088","31,206","32,522","32,961","33,249","33,952","34,070","34,049","38,128","38,436","38,783"
Agoura Hills city,"20,338","20,475","20,544","20,591","20,648","20,740","20,665","20,572","20,411","20,222","20,227","19,802","19,464"
Alameda city,"73,946","74,692","75,637","76,479","77,509","78,459","79,091","79,037","78,344","77,624","78,044","76,246","76,040"
Albany city,"18,539","18,720","18,957","19,187","19,434","19,662","19,713","20,076","19,885","19,696","20,225","19,823","19,415"
Alhambra city,"83,160","83,594","84,120","84,337","84,786","84,843","85,221","84,878","84,373","83,750","82,657","81,168","80,259"
Aliso Viejo city,"47,801","48,474","49,038","49,538","49,542","49,499","50,858","50,982","51,206","50,887","52,205","51,901","51,221"
Alturas city,"2,832","2,772","2,719","2,652","2,636","2,626","2,589","2,551","2,523","2,563","2,701","2,685","2,658"
Amador City city,182,182,181,180,182,186,188,189,190,190,198,201,201
American Canyon city,"19,633","19,839","20,011","20,224","20,285","20,317","20,268","20,055","20,211","20,475","21,777","21,602","21,432"
Anaheim city,"336,760","339,831","342,071","343,832","344,604","348,251","350,013","350,476","350,698","350,365","347,105","346,174","344,461"
Anderson city,"9,976","10,024","10,061","10,123","10,188","10,179","10,193","10,369","10,486","10,630","11,330","11,380","11,307"
Angels city,"3,801","3,774","3,744","3,731","3,735","3,755","3,849","3,881","3,911","3,956","3,676","3,762","3,786"
Antioch city,"103,080","104,193","105,565","107,351","109,071","110,308","111,088","111,494","111,578","111,502","115,251","114,964","115,264"
Apple Valley town,"69,307","70,025","70,381","70,706","71,141","71,747","72,262","72,871","73,349","73,453","75,874","76,158","75,867"
Arcadia city,"56,322","56,594","56,801","57,215","57,513","57,835","58,238","58,374","58,385","57,939","56,466","55,334","54,857"
Arcata city,"17,681","17,912","17,875","17,860","17,869","17,945","18,100","18,148","18,246","18,431","18,788","17,736","18,555"
Arroyo Grande city,"17,292","17,355","17,522","17,696","17,859","18,027","18,051","18,057","18,037","17,976","18,420","18,465","18,380"
Artesia city,"16,519","16,575","16,630","16,679","16,755","16,835","16,826","16,808","16,702","16,601","16,341","16,006","15,774"
Arvin city,"19,345","19,676","20,058","20,260","20,498","20,741","20,997","21,124","21,446","21,851","19,545","19,714","19,611"
Atascadero city,"28,418","28,585","28,725","29,000","29,329","29,910","30,173","30,316","30,257","30,075","29,736","29,723","29,684"
Atherton town,"6,915","6,950","7,023","7,087","7,127","7,163","7,234","7,215","7,178","7,137","7,165","6,970","6,898"
Atwater city,"28,286","28,527","28,622","28,712","28,861","29,048","29,196","29,270","29,415","29,559","31,955","32,153","32,372"
Auburn city,"13,345","13,523","13,611","13,818","13,878","13,868","13,919","13,971","14,078","14,195","13,792","13,891","13,737"
Avalon city,"3,728","3,742","3,754","3,761","3,768","3,769","3,758","3,743","3,712","3,681","3,448","3,373","3,313"
Avenal city,"15,278","15,095","14,858","14,133","13,257","13,236","12,434","12,407","13,218","13,496","13,488","12,886","13,374"
Azusa city,"46,534","46,722","47,360","47,889","48,561","49,502","49,683","49,799","49,811","49,974","50,154","49,289","48,824"
Bakersfield city,"348,987","353,221","357,312","362,834","366,954","371,348","374,699","377,940","381,714","384,145","405,181","409,079","410,647"
Baldwin Park city,"75,421","75,750","76,183","76,364","76,375","76,427","76,219","75,948","75,572","75,251","71,971","70,561","69,455"
Banning city,"29,723","29,993","30,219","30,429","30,612","30,761","30,963","31,160","31,235","31,221","29,526","30,293","30,683"
Barstow city,"22,812","23,020","23,118","23,301","23,484","23,689","23,894","23,981","23,944","23,915","25,419","25,452","25,231"
Beaumont city,"37,261","38,514","39,286","40,337","41,994","43,479","45,156","46,848","49,126","51,063","53,523","55,271","56,349"
Bell city,"35,481","35,640","35,758","35,847","35,874","35,892","35,756","35,596","35,612","35,521","33,458","32,774","32,466"
Bellflower city,"76,624","76,939","77,202","77,404","77,532","77,794","77,581","77,326","76,906","76,435","78,975","77,411","76,405"
Bell Gardens city,"42,056","42,211","42,628","42,706","42,714","42,743","42,675","42,489","42,192","42,012","39,379","38,555","37,927"
Belmont city,"25,870","26,173","26,509","26,770","27,013","27,204","27,177","27,057","27,075","26,941","28,234","27,305","26,773"
Belvedere city,"2,073","2,091","2,106","2,121","2,134","2,128","2,123","2,116","2,109","2,104","2,126","2,115","2,080"
Benicia city,"27,063","27,190","27,380","27,578","27,827","28,029","28,126","28,255","28,282","28,240","27,091","26,891","26,567"
Berkeley city,"112,889","113,968","115,309","116,944","118,697","120,749","121,547","122,164","121,663","121,363","124,206","114,810","118,950"
Beverly Hills city,"33,937","34,077","34,254","34,308","34,363","34,386","34,402","34,242","34,051","33,792","32,581","31,852","31,326"
Big Bear Lake city,"5,047","5,089","5,112","5,127","5,159","5,201","5,232","5,264","5,271","5,279","5,049","5,065","5,031"
Biggs city,"1,703","1,693","1,692","1,689","1,692","1,690","1,695","1,706","1,716","1,879","1,951","1,935","1,899"
Bishop city,"3,872","3,847","3,837","3,832","3,815","3,772","3,728","3,722","3,728","3,747","3,822","3,818","3,771"
Blue Lake city,"1,253","1,246","1,241","1,238","1,238","1,248","1,266","1,263","1,258","1,245","1,200","1,196","1,183"
Blythe city,"20,569","20,294","20,659","19,868","19,268","19,202","19,786","19,705","19,964","19,682","18,020","17,343","17,358"
Bradbury city,"1,047","1,056","1,062","1,073","1,073","1,079","1,075","1,085","1,079","1,070",922,899,886
Brawley city,"25,038","25,226","25,473","25,519","25,660","25,728","26,050","26,217","26,172","26,227","26,414","26,543","26,862"
Brea city,"39,422","39,828","40,139","40,906","41,265","41,693","42,392","42,574","43,484","43,255","47,477","47,530","46,993"
Brentwood city,"51,813","52,716","53,508","54,916","56,854","58,796","60,571","62,265","63,760","64,474","64,463","64,931","66,127"
Brisbane city,"4,290","4,345","4,402","4,453","4,602","4,712","4,711","4,702","4,683","4,671","4,838","4,675","4,597"
Buellton city,"4,855","4,877","4,921","4,978","5,036","5,069","5,097","5,094","5,090","5,102","5,168","5,161","5,106"
Buena Park city,"80,792","81,553","82,045","82,717","82,621","82,770","82,988","82,619","82,187","81,788","83,862","82,951","82,450"
Burbank city,"103,351","103,732","104,077","104,355","104,405","104,472","104,097","104,174","103,349","102,511","107,143","105,291","103,920"
Burlingame city,"28,838","29,261","29,640","29,928","30,258","30,458","30,439","30,588","30,434","30,889","31,270","30,178","30,559"
Calabasas city,"23,464","23,742","23,825","24,041","24,058","24,102","24,068","24,047","23,867","23,853","23,178","22,889","22,491"
Calexico city,"38,661","38,927","39,147","39,298","39,550","39,767","40,028","40,083","40,072","39,825","38,533","38,540","38,249"
California City city,"13,467","12,834","13,344","13,202","13,203","13,202","13,656","13,884","14,167","14,198","15,051","15,029","15,127"
Calimesa city,"7,918","7,997","8,092","8,201","8,380","8,493","8,621","8,807","8,944","9,160","10,165","10,891","11,017"
Calipatria city,"7,689","7,684","7,986","7,083","7,491","7,391","7,505","7,539","7,418","7,114","6,585","6,385","6,322"
Calistoga city,"5,174","5,204","5,224","5,256","5,274","5,285","5,285","5,241","5,300","5,247","5,215","5,184","5,029"
Camarillo city,"65,257","65,515","65,656","65,882","66,517","67,171","67,141","67,403","68,883","69,888","70,830","70,904","70,282"
Campbell city,"40,669","41,027","41,519","41,891","42,256","42,262","42,303","42,567","42,243","41,793","43,831","42,753","42,286"
Canyon Lake city,"10,599","10,699","10,783","10,861","10,945","11,007","11,095","11,188","11,251","11,280","11,084","11,159","11,142"
Capitola city,"9,925","9,968","10,010","10,066","10,114","10,166","10,178","10,152","10,073","10,010","9,923","9,837","9,659"
Carlsbad city,"105,674","107,460","108,948","110,665","111,609","112,662","113,265","114,477","115,518","115,382","114,896","115,224","114,160"
Carmel-by-the-Sea city,"3,687","3,716","3,749","3,780","3,804","3,821","3,836","3,822","3,815","3,811","3,210","3,193","3,146"
Carpinteria city,"13,013","13,021","13,144","13,460","13,565","13,605","13,598","13,540","13,436","13,385","13,239","13,115","12,950"
Carson city,"91,599","91,690","92,162","92,535","92,684","92,752","92,572","92,193","91,626","91,394","95,286","93,285","92,388"
Cathedral City city,"51,452","52,077","52,478","52,846","53,187","53,516","53,943","54,413","54,793","55,007","51,569","52,230","52,494"
Ceres city,"45,901","46,057","46,263","46,482","46,918","47,431","47,985","48,340","48,540","48,706","49,312","49,308","48,988"
Cerritos city,"49,042","49,223","49,384","49,507","49,532","49,546","50,346","50,697","50,288","49,859","49,402","48,340","47,475"
Chico city,"86,783","87,269","87,915","88,362","89,491","90,369","91,564","93,066","94,342","103,301","102,135","100,162","101,299"
Chino city,"78,644","79,591","79,949","80,799","84,296","85,169","87,468","89,601","91,356","94,371","91,131","91,716","93,140"
Chino Hills city,"74,963","75,639","76,042","76,285","76,509","77,826","78,452","80,115","83,239","83,853","78,468","78,579","77,949"
Chowchilla city,"18,718","18,892","18,049","17,357","18,843","18,391","18,179","18,457","18,709","18,310","18,815","18,807","18,738"
Chula Vista city,"244,648","248,318","252,379","256,691","259,885","264,206","266,238","269,046","270,819","274,492","276,041","277,008","279,170"
Citrus Heights city,"83,273","83,781","84,308","84,924","85,665","86,543","87,179","87,675","87,707","87,796","87,521","87,111","86,433"
Claremont city,"34,899","35,190","35,281","35,650","35,715","35,962","35,889","35,835","36,370","36,266","37,183","36,674","36,001"
Clayton city,"10,958","11,148","11,271","11,481","11,667","11,840","12,008","12,127","12,196","12,265","11,062","10,985","10,904"
Clearlake city,"15,267","15,139","15,067","15,015","15,052","15,101","15,526","15,532","15,355","15,267","16,702","16,805","16,693"
Cloverdale city,"8,621","8,650","8,665","8,716","8,754","8,774","8,781","8,741","8,844","8,656","8,993","8,986","8,809"
Clovis city,"96,386","97,557","98,588","99,631","101,904","103,828","106,353","109,316","111,824","114,584","120,660","123,007","124,556"
Coachella city,"40,984","41,878","42,571","42,960","43,885","44,344","44,785","45,280","45,751","45,743","42,025","42,543","42,835"
Coalinga city,"18,330","18,303","17,055","16,974","16,647","16,755","16,827","16,988","16,774","17,179","17,654","17,155","17,024"
Colfax city,"1,957","1,975","1,987","1,996","2,000","1,994","1,997","1,999","1,996","2,002","1,991","2,015","2,021"
Colma town,"1,435","1,451","1,470","1,484","1,497","1,505","1,500","1,493","1,492","1,489","1,544","1,580","1,550"
Colton city,"52,261","52,712","52,945","53,105","53,706","54,291","54,507","54,680","54,637","54,824","53,970","54,272","53,918"
Colusa city,"6,229","6,190","6,190","6,171","6,126","6,105","6,156","6,146","6,094","6,060","6,398","6,396","6,368"
Commerce city,"12,840","12,887","12,929","12,960","12,964","12,963","12,922","12,862","12,762","12,661","12,317","12,042","11,828"
Compton city,"96,442","96,933","97,350","97,600","97,634","97,639","97,281","97,047","96,348","95,605","95,411","93,456","91,988"
Concord city,"122,505","123,518","124,678","125,888","127,128","128,303","129,036","129,592","129,743","129,295","125,256","124,337","122,625"
Corcoran city,"24,467","24,133","23,694","23,350","22,834","22,516","22,716","21,820","21,720","21,960","22,709","22,644","22,837"
Corning city,"7,676","7,643","7,612","7,550","7,516","7,531","7,546","7,582","7,564","7,710","8,232","8,196","8,226"
Corona city,"153,052","154,693","157,405","158,763","160,419","163,154","166,067","167,310","168,476","169,868","157,549","159,782","159,567"
Coronado city,"23,961","23,336","23,194","23,347","23,549","23,682","25,084","24,323","21,336","23,731","18,136","19,040","18,702"
Corte Madera town,"9,273","9,350","9,386","9,469","9,908","9,899","9,864","9,820","9,803","9,751","10,217","10,187","10,006"
Costa Mesa city,"110,221","111,151","111,790","112,244","112,485","112,808","112,933","113,665","113,302","113,003","111,797","110,885","109,521"
Cotati city,"7,273","7,303","7,320","7,375","7,411","7,427","7,443","7,451","7,584","7,410","7,580","7,529","7,453"
Covina city,"47,785","47,963","48,211","48,350","48,538","48,569","48,393","48,178","47,820","47,450","51,173","50,370","49,489"
Crescent City city,"7,596","7,517","7,393","7,169","6,780","6,767","6,644","6,386","6,805","6,787","6,511","6,170","5,983"
Cudahy city,"23,809","23,901","23,987","24,050","24,070","24,111","24,039","23,934","23,755","23,569","22,740","22,256","21,969"
Culver City city,"38,888","39,024","39,208","39,312","39,329","39,369","39,231","39,024","39,059","39,185","40,675","39,987","39,515"
Cupertino city,"58,689","59,172","59,769","60,198","60,592","60,519","60,900","60,588","60,004","59,276","60,157","58,578","57,856"
Cypress city,"47,957","48,399","48,677","48,971","48,936","48,994","48,813","48,835","48,826","49,006","50,171","49,858","49,243"
Daly City city,"101,262","102,460","103,915","104,980","105,887","106,538","106,882","106,733","106,869","106,280","104,633","101,482","100,007"
Dana Point city,"33,336","33,634","33,830","33,962","33,927","33,968","33,931","33,768","33,629","33,577","33,066","32,794","32,465"
Danville town,"41,987","42,379","42,801","43,262","43,817","44,311","44,715","44,727","44,683","44,510","43,527","43,294","42,732"
Davis city,"65,584","65,657","65,781","66,213","66,545","67,367","68,028","68,802","69,220","69,413","66,760","67,066","67,048"
Delano city,"53,130","53,620","52,403","52,331","52,447","52,495","52,568","52,877","52,921","53,573","49,852","50,668","50,843"
Del Mar city,"4,173","4,202","4,236","4,273","4,299","4,330","4,348","4,340","4,335","4,319","3,946","3,918","3,882"
Del Rey Oaks city,"1,628","1,640","1,655","1,664","1,670","1,674","1,679","1,672","1,662","1,654","1,588","1,578","1,553"
Desert Hot Springs city,"27,172","27,422","27,628","27,817","28,008","28,145","28,397","28,648","28,815","28,878","32,498","32,716","33,091"
Diamond Bar city,"55,588","55,854","56,087","56,233","56,279","56,429","56,581","56,334","56,106","55,720","54,896","53,763","52,855"
Dinuba city,"21,570","22,606","22,809","23,233","23,528","23,554","23,875","23,903","24,236","24,461","24,666","25,167","25,285"
Dixon city,"18,431","18,490","18,619","18,931","19,098","19,299","19,766","20,138","20,478","20,698","18,986","19,028","19,143"
Dorris city,941,930,915,902,900,903,902,903,898,897,860,864,851
Dos Palos city,"4,962","5,003","5,017","5,026","5,046","5,084","5,217","5,407","5,502","5,527","5,797","5,819","5,820"
Downey city,"111,785","112,215","112,582","112,858","113,091","113,260","112,896","112,426","111,915","111,126","113,973","111,570","109,934"
Duarte city,"21,348","21,425","21,601","21,646","21,808","21,809","21,725","21,624","21,454","21,271","21,662","21,271","21,807"
Dublin city,"45,903","46,804","48,700","52,027","54,554","57,545","59,579","60,797","63,423","64,826","72,524","71,516","72,060"
Dunsmuir city,"1,640","1,619","1,595","1,572","1,567","1,571","1,571","1,572","1,568","1,564","1,702","1,711","1,687"
East Palo Alto city,"28,222","28,551","28,926","29,212","29,482","29,661","29,811","29,671","29,486","29,314","29,931","28,897","28,383"
Eastvale city,"54,054","54,966","55,627","56,247","57,386","59,231","60,670","62,309","63,815","64,157","69,966","71,341","71,024"
El Cajon city,"99,823","100,795","101,537","102,303","102,789","103,230","103,527","103,468","103,041","102,708","106,126","105,474","104,414"
El Centro city,"42,678","42,977","43,023","43,316","43,496","43,655","44,028","44,114","44,089","44,079","44,207","44,201","43,811"
El Cerrito city,"23,644","23,845","24,074","24,323","24,551","24,902","25,458","25,468","25,607","25,508","25,967","25,878","25,583"
Elk Grove city,"153,375","155,615","158,083","160,251","162,701","165,997","169,156","171,425","172,603","174,775","176,732","178,283","177,558"
El Monte city,"113,677","114,101","114,843","115,414","115,627","115,824","115,550","115,514","115,308","115,487","109,111","106,918","105,312"
El Paso de Robles (Paso Robles) city,"29,786","30,076","30,399","30,718","31,108","31,346","31,722","31,772","32,133","32,153","31,555","31,777","31,544"
El Segundo city,"16,656","16,719","16,796","16,855","16,900","16,891","16,835","16,752","16,663","16,610","17,212","16,867","16,622"
Emeryville city,"10,125","10,222","10,358","10,878","11,311","11,765","11,792","11,751","12,109","12,086","12,939","12,875","12,913"
Encinitas city,"59,684","60,264","60,890","61,555","62,023","62,590","62,921","62,884","62,750","62,709","61,988","61,768","61,369"
Escalon city,"7,135","7,190","7,215","7,216","7,343","7,474","7,501","7,550","7,566","7,574","7,477","7,510","7,448"
Escondido city,"144,440","146,099","147,570","148,794","149,708","150,683","151,204","151,220","151,793","151,625","151,139","150,679","150,270"
Etna city,736,730,724,714,712,711,713,716,717,718,675,679,671
Eureka city,"27,201","27,161","26,931","26,895","26,874","26,902","27,153","27,126","26,968","26,710","26,477","26,369","26,129"
Exeter city,"10,341","10,375","10,420","10,458","10,490","10,486","10,477","10,502","10,508","10,485","10,327","10,321","10,267"
Fairfax town,"7,450","7,512","7,545","7,609","7,631","7,624","7,602","7,568","7,560","7,522","7,586","7,557","7,423"
Fairfield city,"105,598","106,245","107,497","109,137","110,727","112,365","114,456","115,817","116,678","117,133","119,874","119,835","119,338"
Farmersville city,"10,585","10,594","10,639","10,680","10,711","10,710","10,702","10,726","10,729","10,703","10,408","10,377","10,324"
Ferndale city,"1,374","1,379","1,367","1,362","1,363","1,364","1,371","1,372","1,363","1,352","1,404","1,406","1,398"
Fillmore city,"15,013","15,076","15,117","15,226","15,324","15,444","15,557","15,703","15,742","15,870","16,409","16,508","16,657"
Firebaugh city,"7,601","7,764","7,894","8,053","8,259","8,276","8,290","8,294","8,315","8,296","8,089","8,109","8,418"
Folsom city,"72,110","72,542","73,042","72,782","74,950","75,935","76,999","77,798","78,842","81,328","80,749","81,687","83,269"
Fontana city,"197,317","199,880","201,212","202,670","203,972","206,163","208,718","211,122","213,202","214,547","208,620","210,540","212,475"
Fort Bragg city,"7,307","7,277","7,279","7,268","7,283","7,277","7,291","7,308","7,347","7,291","6,968","6,967","6,881"
Fort Jones city,710,704,694,686,684,683,685,690,689,692,693,696,689
Fortuna city,"12,048","12,028","11,927","11,891","11,973","12,057","12,199","12,277","12,322","12,259","12,518","12,518","12,516"
Foster City city,"30,609","30,965","32,098","32,416","32,698","33,470","34,279","34,292","34,109","33,901","33,685","32,575","32,026"
Fountain Valley city,"55,470","55,950","56,318","56,601","56,671","56,643","56,423","56,051","55,663","55,357","56,967","56,440","55,930"
Fowler city,"5,665","5,921","5,929","5,938","6,028","6,242","6,353","6,487","6,750","6,790","6,764","6,950","7,154"
Fremont city,"214,553","217,391","221,426","224,796","228,274","231,687","233,478","234,544","237,811","241,110","230,194","226,532","223,871"
Fresno city,"497,769","501,429","505,414","508,880","514,100","518,203","521,426","525,373","528,814","531,576","542,447","543,910","545,567"
Fullerton city,"135,291","136,386","138,103","138,637","138,840","139,982","140,454","139,744","139,273","138,632","143,419","140,559","140,541"
Galt city,"23,739","24,142","24,274","24,433","24,760","25,226","25,619","26,167","26,378","26,536","25,405","25,400","25,411"
Gardena city,"58,835","59,114","59,368","59,788","59,843","59,946","59,873","59,871","59,540","59,329","60,875","59,721","58,843"
Garden Grove city,"171,181","172,957","173,809","174,422","174,423","174,343","174,571","173,422","172,195","171,644","171,759","170,511","169,254"
Gilroy city,"49,006","49,700","50,718","51,893","52,538","53,259","55,369","57,549","58,588","59,032","59,383","58,115","58,005"
Glendale city,"191,720","192,656","193,859","195,318","198,232","199,197","200,118","201,804","200,688","199,303","195,995","192,272","189,221"
Glendora city,"50,376","50,624","50,795","51,120","51,065","51,769","51,882","51,997","51,846","51,544","52,497","51,592","50,824"
Goleta city,"30,143","30,176","30,387","30,639","30,880","30,963","30,921","31,098","30,954","30,911","32,738","32,841","32,432"
Gonzales city,"8,171","8,230","8,301","8,349","8,379","8,402","8,428","8,396","8,349","8,306","8,633","8,577","8,439"
Grand Terrace city,"12,064","12,155","12,243","12,301","12,334","12,387","12,460","12,557","12,556","12,584","13,166","13,218","13,109"
Grass Valley city,"12,876","12,903","12,820","12,784","12,840","12,929","12,927","12,932","12,881","12,817","14,009","14,144","13,930"
Greenfield city,"16,414","16,540","16,682","16,766","16,826","17,047","17,361","17,362","17,561","17,516","18,980","19,075","19,359"
Gridley city,"6,634","6,605","6,605","6,603","6,624","6,617","6,622","6,636","6,634","7,246","7,370","7,360","7,227"
Grover Beach city,"13,176","13,210","13,307","13,403","13,464","13,526","13,586","13,585","13,501","13,459","12,696","12,719","12,619"
Guadalupe city,"7,086","7,091","7,139","7,191","7,248","7,279","7,288","7,319","7,613","7,783","8,124","8,537","8,657"
Gustine city,"5,534","5,582","5,601","5,621","5,649","5,712","5,801","5,815","5,847","5,882","6,150","6,178","6,181"
Half Moon Bay city,"11,345","11,501","11,677","12,054","12,355","12,657","12,761","12,840","12,974","12,932","11,765","11,381","11,176"
Hanford city,"54,463","54,612","54,524","54,741","55,086","55,608","55,663","56,383","56,971","57,703","58,098","58,468","58,470"
Hawaiian Gardens city,"14,277","14,329","14,376","14,419","14,430","14,461","14,423","14,356","14,262","14,159","14,101","13,808","13,593"
Hawthorne city,"84,295","84,922","85,359","85,863","86,740","87,669","87,685","87,308","86,671","86,068","87,804","86,010","84,563"
Hayward city,"144,835","146,935","149,406","151,753","154,376","157,999","159,331","160,324","159,760","159,203","162,602","158,445","156,754"
Healdsburg city,"11,309","11,350","11,392","11,485","11,613","11,705","11,806","11,795","12,076","11,845","11,347","11,318","11,709"
Hemet city,"79,090","80,226","81,033","81,718","82,541","83,305","84,121","84,809","85,148","85,334","89,844","90,480","90,689"
Hercules city,"24,147","24,346","24,571","24,804","25,038","25,271","25,416","25,505","25,612","26,276","26,009","26,114","25,920"
Hermosa Beach city,"19,506","19,570","19,640","19,674","19,659","19,688","19,722","19,590","19,404","19,320","19,687","19,278","18,985"
Hesperia city,"90,279","91,168","91,568","91,777","92,071","92,653","93,251","94,473","95,013","95,750","100,090","100,847","100,744"
Hidden Hills city,"1,856","1,869","1,878","1,891","1,895","1,908","1,916","1,910","1,891","1,890","1,722","1,700","1,694"
Highland city,"53,218","53,671","53,939","54,150","54,325","54,553","54,752","55,198","55,311","55,417","57,034","57,115","56,705"
Hillsborough town,"10,859","11,001","11,131","11,261","11,379","11,466","11,490","11,464","11,446","11,387","11,358","11,030","10,956"
Hollister city,"34,973","35,304","35,731","36,184","36,665","36,960","37,576","38,377","39,750","40,740","41,909","43,326","44,218"
Holtville city,"5,961","6,002","6,007","6,021","6,251","6,360","6,418","6,559","6,661","6,621","5,600","5,583","5,513"
Hughson city,"6,664","6,714","6,849","6,988","7,177","7,319","7,398","7,467","7,538","7,565","7,499","7,522","7,734"
Huntington Beach city,"191,296","192,995","194,174","197,107","199,610","200,653","200,284","200,938","200,126","199,223","198,410","196,463","194,310"
Huntington Park city,"58,125","58,334","58,524","58,739","58,908","58,933","58,701","58,476","57,998","57,509","54,712","53,584","52,633"
Huron city,"6,752","6,745","6,754","6,765","6,779","6,802","6,924","7,285","7,278","7,281","6,203","6,225","6,240"
Imperial city,"14,836","15,190","15,556","16,111","16,680","16,943","17,089","17,432","17,671","18,120","20,417","21,021","21,233"
Imperial Beach city,"26,388","26,617","26,821","27,031","27,055","27,259","27,329","27,278","27,362","27,440","26,127","25,997","25,791"
Indian Wells city,"4,982","5,040","5,088","5,139","5,193","5,255","5,324","5,392","5,435","5,470","4,775","4,844","4,860"
Indio city,"79,665","81,046","82,250","83,358","85,127","86,917","88,196","89,438","90,970","91,765","89,274","90,528","91,980"
Industry city,214,206,204,207,207,207,207,206,204,202,260,257,255
Inglewood city,"109,658","110,501","110,866","110,954","110,840","110,693","110,271","109,907","109,038","108,151","107,384","105,097","103,621"
Ione city,"7,748","7,562","7,318","6,963","6,972","6,997","7,031","7,818","8,381","8,568","5,171","5,234","5,364"
Irvine city,"213,450","220,303","229,063","236,057","247,136","255,382","265,345","276,000","281,732","287,401","308,974","305,096","313,685"
Irwindale city,"1,418","1,416","1,413","1,413","1,417","1,421","1,427","1,452","1,458","1,446","1,462","1,438","1,413"
Isleton city,805,810,815,819,824,830,835,844,843,844,797,793,782
Jackson city,"4,658","4,624","4,607","4,596","4,611","4,660","4,695","4,734","4,793","4,840","5,002","5,078","5,113"
Jurupa Valley city,"95,590","97,195","98,350","99,469","100,080","101,460","103,240","105,760","108,314","109,527","105,313","106,982","107,609"
Kerman city,"13,634","13,877","14,285","14,299","14,329","14,412","14,534","14,860","14,987","15,282","16,039","16,172","16,208"
King City city,"12,902","13,001","13,119","13,189","13,482","13,789","13,830","13,941","13,970","14,077","13,351","13,436","13,738"
Kingsburg city,"11,464","11,556","11,636","11,698","11,727","11,800","11,831","12,013","12,071","12,108","12,448","12,664","12,613"
La Cañada Flintridge city,"20,258","20,348","20,417","20,470","20,451","20,428","20,397","20,297","20,161","20,009","20,506","20,077","19,752"
Lafayette city,"23,873","24,288","24,570","25,024","25,423","25,790","26,153","26,388","26,524","26,638","25,371","25,230","25,044"
Laguna Beach city,"22,765","22,976","23,098","23,213","23,214","23,232","23,165","23,045","22,931","22,827","23,000","22,775","22,583"
Laguna Hills city,"30,713","30,983","31,146","31,260","31,215","31,973","31,849","31,631","31,395","31,207","31,306","30,964","30,568"
Laguna Niguel city,"63,119","63,774","64,134","64,381","65,079","65,396","65,145","66,011","66,079","66,385","64,226","64,140","63,742"
Laguna Woods city,"16,012","16,148","16,233","16,290","16,264","16,251","16,184","16,068","15,949","15,850","17,617","17,421","17,192"
La Habra city,"59,108","59,658","59,970","60,224","60,421","60,473","60,292","60,898","60,778","60,513","63,096","62,599","61,978"
La Habra Heights city,"6,540","6,573","6,606","6,622","6,628","6,639","6,616","6,590","6,545","6,492","5,661","5,545","5,447"
Lake Elsinore city,"53,627","55,078","56,044","57,711","60,111","61,955","63,807","66,066","68,051","69,283","70,333","71,505","71,898"
Lake Forest city,"77,552","78,299","78,727","79,112","79,678","81,964","83,019","83,878","85,381","85,531","85,848","85,631","85,638"
Lakeport city,"4,757","4,717","4,683","4,753","4,765","4,780","4,909","4,909","4,926","5,006","5,033","5,063","5,026"
Lakewood city,"80,079","80,413","80,672","80,883","80,927","80,951","80,895","80,510","79,907","79,307","82,213","80,473","79,063"
La Mesa city,"57,149","57,644","58,099","58,556","58,855","59,697","59,751","59,722","59,389","59,249","61,070","60,733","60,360"
La Mirada city,"48,535","48,702","48,851","48,961","49,019","49,129","49,054","48,827","48,544","48,183","47,839","46,909","46,323"
Lancaster city,"156,824","158,078","158,253","159,055","159,634","159,813","159,633","159,434","158,622","157,601","173,040","170,074","169,185"
La Palma city,"15,545","15,676","15,757","15,846","15,819","15,806","15,739","15,644","15,525","15,428","15,559","15,388","15,194"
La Puente city,"39,843","40,032","40,166","40,305","40,367","40,412","40,250","40,078","39,772","39,614","37,964","37,232","36,636"
La Quinta city,"37,670","38,142","38,494","39,119","39,742","40,209","40,777","41,180","41,464","41,748","37,630","38,169","38,392"
Larkspur city,"11,920","12,022","12,075","12,185","12,286","12,383","12,362","12,316","12,302","12,254","13,045","12,981","12,754"
Lathrop city,"17,695","18,313","18,615","19,120","19,506","20,287","21,564","22,221","23,227","24,483","29,052","30,601","33,670"
La Verne city,"31,103","31,231","31,349","31,659","32,240","32,442","32,350","32,258","32,096","31,974","31,500","30,883","30,380"
Lawndale city,"32,775","32,902","33,019","33,108","33,141","33,157","33,033","32,875","32,647","32,389","31,722","31,088","30,576"
Lemon Grove city,"25,380","25,603","25,934","26,116","26,404","26,554","26,766","26,963","26,885","26,811","27,614","27,431","27,224"
Lemoore city,"24,537","24,467","24,614","24,826","25,010","25,452","25,666","26,262","26,470","26,725","27,093","27,312","27,185"
Lincoln city,"43,099","43,771","44,240","45,018","45,727","46,286","46,965","47,525","47,862","48,275","49,817","50,658","52,534"
Lindsay city,"11,772","12,659","12,771","12,938","13,107","13,147","13,213","13,249","13,448","13,463","12,650","12,627","12,537"
Live Oak city,"8,465","8,550","8,361","8,373","8,383","8,411","8,707","8,724","8,723","8,912","9,152","9,295","9,428"
Livermore city,"81,599","82,589","83,831","85,448","87,017","88,248","89,572","90,137","90,253","90,189","87,880","86,388","84,701"
Livingston city,"13,068","13,366","13,416","13,460","13,722","13,810","13,916","14,085","14,417","14,896","14,254","14,626","14,760"
Lodi city,"62,253","62,741","63,048","63,128","63,620","64,264","64,578","65,715","67,003","67,586","66,443","67,023","67,258"
Loma Linda city,"23,368","23,533","23,632","23,691","23,749","23,952","24,091","24,132","24,331","24,482","24,828","25,096","25,129"
Lomita city,"20,263","20,364","20,490","20,597","20,619","20,659","20,629","20,576","20,448","20,320","20,849","20,405","20,053"
Lompoc city,"42,322","42,188","43,075","43,384","43,870","43,916","43,537","43,274","42,689","42,853","44,403","43,278","43,736"
Long Beach city,"462,431","464,512","466,873","468,000","469,109","470,128","468,719","466,646","465,865","462,628","465,448","454,334","451,307"
Loomis town,"6,435","6,524","6,579","6,640","6,687","6,691","6,747","6,793","6,819","6,866","6,833","6,871","6,856"
Los Alamitos city,"11,391","11,492","11,560","11,597","11,631","11,621","11,587","11,526","11,458","11,399","11,771","11,696","11,550"
Los Altos city,"29,091","29,473","29,813","30,014","30,277","30,667","30,728","30,677","30,456","30,089","31,353","30,554","30,424"
Los Altos Hills town,"8,069","8,148","8,264","8,345","8,440","8,468","8,564","8,561","8,530","8,423","8,490","8,294","8,168"
Los Angeles city,"3,795,512","3,820,876","3,851,202","3,881,622","3,909,901","3,938,568","3,963,226","3,975,788","3,977,596","3,979,576","3,895,836","3,837,986","3,822,238"
Los Banos city,"36,070","36,367","36,495","36,608","36,820","37,151","37,461","38,933","39,960","41,036","45,675","46,688","47,044"
Los Gatos town,"29,792","30,123","30,443","30,722","30,976","30,970","30,984","30,914","30,599","30,222","33,427","32,582","32,402"
Loyalton city,761,732,722,714,701,704,696,707,702,702,738,755,738
Lynwood city,"69,595","69,661","70,576","71,146","71,193","71,397","70,979","70,685","70,285","69,887","66,815","64,824","64,086"
McFarland city,"12,723","12,784","12,362","12,430","13,577","13,941","14,484","14,996","15,139","15,506","13,992","14,086","14,019"
Madera city,"61,603","61,907","62,382","62,749","63,230","63,690","64,187","64,941","65,440","65,860","66,461","67,865","68,050"
Malibu city,"12,639","12,691","12,750","12,807","12,839","12,865","12,853","12,817","12,757","11,820","10,617","10,416","10,370"
Mammoth Lakes town,"8,231","8,284","8,226","8,058","8,086","8,045","8,158","8,182","8,220","8,235","7,222","7,277","7,093"
Manhattan Beach city,"35,123","35,232","35,345","35,426","35,461","35,504","35,608","35,702","35,418","35,183","35,377","34,601","34,137"
Manteca city,"67,733","69,244","70,884","71,761","73,157","75,088","76,831","79,079","81,603","83,028","83,834","85,716","86,928"
Maricopa city,"1,155","1,162","1,170","1,178","1,185","1,187","1,187","1,191","1,194","1,192","1,023","1,023","1,020"
Marina city,"19,743","19,876","20,149","20,269","20,680","21,071","21,622","21,986","22,456","22,781","22,322","22,115","22,503"
Martinez city,"36,157","36,502","36,825","37,119","37,473","38,050","38,325","38,411","38,406","38,297","37,187","36,871","36,447"
Marysville city,"12,094","12,097","12,113","12,154","12,165","12,154","12,193","12,351","12,452","12,476","12,854","12,715","12,704"
Maywood city,"27,381","27,474","27,543","27,614","27,628","27,636","27,536","27,406","27,196","26,973","25,040","24,522","24,122"
Mendota city,"11,332","11,501","11,519","11,512","11,505","11,526","11,541","11,543","11,526","11,511","12,647","12,734","12,618"
Menifee city,"77,929","79,665","81,026","83,045","84,522","86,411","88,057","90,104","92,249","94,756","103,158","106,365","109,399"
Menlo Park city,"32,080","32,450","32,821","33,013","33,211","33,389","33,970","34,184","34,500","34,698","33,669","32,549","32,295"
Merced city,"79,131","79,705","80,231","80,703","81,120","81,775","82,232","82,589","83,113","83,676","86,648","89,515","91,563"
Millbrae city,"21,572","21,847","22,123","22,480","22,669","22,803","22,764","22,649","22,530","22,394","23,128","22,317","22,071"
Mill Valley city,"13,921","14,064","14,157","14,307","14,379","14,377","14,351","14,287","14,296","14,259","14,211","14,157","14,006"
Milpitas city,"66,729","67,124","68,862","69,944","73,560","77,485","77,829","77,874","80,208","84,196","80,127","78,218","77,738"
Mission Viejo city,"93,225","94,020","94,627","96,003","96,622","96,543","96,149","95,551","94,925","94,381","93,464","92,436","91,776"
Modesto city,"203,301","204,017","205,040","206,075","207,652","209,245","211,231","213,000","214,389","215,196","218,654","218,948","218,069"
Monrovia city,"36,599","36,744","36,859","36,992","37,066","37,153","37,019","36,846","36,592","36,331","37,833","37,456","36,893"
Montague city,"1,444","1,431","1,411","1,395","1,388","1,388","1,388","1,396","1,394","1,398","1,216","1,223","1,209"
Montclair city,"36,743","37,279","37,440","37,923","38,212","38,447","38,784","39,124","39,324","40,083","37,904","38,040","37,714"
Montebello city,"62,490","62,903","63,123","63,279","63,322","63,379","63,134","62,823","62,440","61,954","62,410","61,125","60,569"
Monterey city,"27,908","28,246","28,750","28,600","28,549","28,496","28,568","28,411","28,170","28,178","30,184","29,952","29,571"
Monterey Park city,"60,218","60,460","60,645","60,796","60,832","60,908","60,830","60,668","60,198","59,669","60,891","59,586","58,554"
Monte Sereno city,"3,331","3,360","3,401","3,442","3,473","3,489","3,511","3,514","3,480","3,427","3,471","3,389","3,343"
Moorpark city,"34,644","34,906","35,010","35,136","35,474","36,000","36,444","36,561","36,438","36,375","36,228","35,974","35,514"
Moraga town,"16,057","16,308","16,476","16,753","16,993","17,220","17,441","17,600","17,693","17,783","16,868","16,834","16,707"
Moreno Valley city,"194,240","196,590","198,214","200,195","201,831","202,919","204,711","206,741","208,889","213,055","209,107","211,564","211,924"
Morgan Hill city,"38,071","38,840","39,490","41,028","42,074","42,991","44,430","44,961","45,084","45,952","45,492","45,386","44,973"
Morro Bay city,"10,244","10,281","10,365","10,447","10,498","10,578","10,612","10,603","10,559","10,543","10,751","10,785","10,696"
Mountain View city,"74,236","75,108","76,507","77,955","79,150","80,345","80,821","81,189","83,168","82,739","82,430","81,675","81,059"
Mount Shasta city,"3,390","3,352","3,311","3,263","3,271","3,274","3,270","3,286","3,277","3,274","3,219","3,236","3,192"
Murrieta city,"104,229","105,370","106,509","107,361","108,037","109,372","111,492","112,995","114,715","116,223","111,318","113,006","113,783"
Napa city,"77,185","77,679","78,168","78,728","79,384","79,636","79,616","79,083","78,946","78,130","79,039","78,855","78,315"
National City city,"58,624","59,042","59,369","59,776","60,132","60,721","60,967","61,083","61,272","61,394","56,115","55,927","55,550"
Needles city,"4,836","4,875","4,896","4,908","4,928","4,949","4,967","4,987","4,977","4,976","4,921","4,897","4,858"
Nevada City city,"3,080","3,103","3,095","3,095","3,070","3,153","3,145","3,136","3,139","3,148","3,147","3,172","3,112"
Newark city,"42,628","43,019","43,533","44,078","44,640","45,236","45,872","47,429","48,185","49,149","47,612","47,134","47,312"
Newman city,"10,273","10,527","10,580","10,629","10,711","10,840","11,065","11,288","11,611","11,784","12,387","12,367","12,272"
Newport Beach city,"85,329","86,073","86,522","86,877","86,688","86,585","86,510","85,740","85,074","84,534","85,208","84,713","83,993"
Norco city,"27,240","27,366","27,457","27,033","26,998","26,307","26,807","26,861","26,791","26,604","25,394","24,671","25,042"
Norwalk city,"105,544","105,903","105,976","106,122","106,189","106,237","105,844","105,466","104,798","103,949","102,410","100,313","98,537"
Novato city,"51,970","52,680","53,221","54,142","54,856","55,406","55,913","55,701","55,640","55,516","53,100","52,904","52,184"
Oakdale city,"20,823","20,949","21,224","21,457","21,764","22,125","22,573","23,026","23,395","23,596","23,201","23,247","23,176"
Oakland city,"391,406","396,086","401,104","406,648","412,901","418,211","420,947","424,382","429,056","433,031","440,873","436,291","430,553"
Oakley city,"35,666","36,596","37,177","38,142","39,118","39,708","40,665","41,618","42,121","42,543","43,468","43,821","44,688"
Oceanside city,"168,079","170,008","171,590","173,175","174,318","175,189","175,451","175,884","175,758","175,742","173,914","172,919","172,199"
Ojai city,"7,482","7,515","7,540","7,573","7,593","7,593","7,573","7,545","7,480","7,470","7,622","7,604","7,540"
Ontario city,"164,377","165,756","166,630","167,096","168,097","170,210","172,561","175,334","180,718","185,010","175,852","177,845","179,061"
Orange city,"137,103","138,539","139,372","139,972","139,424","140,503","140,581","140,251","139,449","138,669","139,428","137,295","136,178"
Orange Cove city,"9,750","10,190","10,205","10,215","10,220","10,258","10,272","10,293","10,286","10,273","9,639","9,615","9,525"
Orinda city,"17,820","18,124","18,333","18,674","18,973","19,251","19,521","19,707","19,821","19,926","19,516","19,503","19,355"
Orland city,"7,384","7,452","7,397","7,442","7,486","7,489","7,523","7,622","7,635","7,827","8,302","8,311","8,217"
Oroville city,"18,700","18,604","18,640","18,750","18,945","18,956","18,996","19,103","19,130","20,737","19,958","19,935","20,041"
Oxnard city,"198,539","199,968","201,105","202,835","204,560","206,228","207,455","208,831","209,271","208,881","202,244","202,054","200,415"
Pacifica city,"37,394","37,844","38,335","38,722","39,074","39,309","39,267","38,999","38,754","38,546","38,496","37,155","36,517"
Pacific Grove city,"15,081","15,214","15,355","15,435","15,495","15,551","15,585","15,575","15,487","15,413","15,075","15,000","14,791"
Palmdale city,"152,936","153,996","154,861","156,495","156,770","156,988","156,739","156,558","156,158","155,079","168,863","165,452","163,463"
Palm Desert city,"48,684","49,251","49,775","50,357","50,916","51,552","52,077","52,794","53,129","53,275","51,200","51,591","51,583"
Palm Springs city,"44,781","45,225","45,716","46,158","46,634","47,111","47,577","48,048","48,355","48,518","44,624","45,079","45,223"
Palo Alto city,"64,535","65,345","66,089","66,613","66,848","66,782","67,353","66,960","66,258","65,364","68,385","66,735","66,010"
Palos Verdes Estates city,"13,435","13,480","13,508","13,541","13,548","13,555","13,536","13,462","13,360","13,273","13,309","13,026","12,792"
Paradise town,"26,198","26,085","26,165","26,245","26,353","26,378","26,482","26,629","26,711","4,476","4,744","5,274","6,516"
Paramount city,"54,104","54,329","54,580","54,854","54,914","54,971","54,789","54,621","54,259","53,955","53,578","52,485","51,653"
Parlier city,"14,614","14,703","14,789","14,882","14,991","15,141","15,213","15,283","15,342","15,618","14,616","14,689","14,554"
Pasadena city,"137,111","137,652","138,097","139,292","139,529","141,025","141,601","141,757","140,906","141,029","138,304","135,932","134,211"
Patterson city,"20,647","20,719","20,827","20,985","21,270","21,509","21,824","22,125","22,345","22,524","23,788","23,813","23,833"
Perris city,"69,000","70,426","71,229","72,295","73,485","74,613","76,046","77,563","78,903","79,291","78,861","79,825","80,263"
Petaluma city,"58,037","58,236","58,728","59,337","59,753","60,295","60,468","60,682","61,826","60,520","59,776","59,589","58,652"
Pico Rivera city,"62,960","63,221","63,430","63,597","63,637","63,670","63,438","63,133","62,677","62,027","61,890","60,696","59,781"
Piedmont city,"10,711","10,815","10,946","11,085","11,228","11,361","11,401","11,368","11,251","11,135","11,251","11,017","10,811"
Pinole city,"18,377","18,528","18,701","18,880","19,057","19,232","19,330","19,333","19,325","19,250","19,003","18,858","18,582"
Pismo Beach city,"7,667","7,696","7,781","7,856","7,900","8,117","8,180","8,220","8,206","8,168","8,059","8,041","8,044"
Pittsburg city,"63,522","64,546","65,523","66,646","67,974","69,260","70,798","72,000","72,450","72,588","76,605","76,662","77,572"
Placentia city,"50,994","51,503","51,838","52,105","52,108","52,202","52,154","51,916","51,538","51,233","51,723","51,236","51,951"
Placerville city,"10,479","10,436","10,445","10,562","10,674","10,762","10,810","11,020","11,064","11,175","10,732","10,816","10,664"
Pleasant Hill city,"33,155","33,420","33,735","34,062","34,385","34,700","34,883","34,903","34,889","34,839","34,600","34,404","33,913"
Pleasanton city,"70,381","71,133","72,098","74,026","77,454","79,265","82,330","82,831","82,357","81,777","79,676","77,904","76,689"
Plymouth city,985,979,971,968,965,973,985,995,"1,036","1,076","1,079","1,099","1,112"
Point Arena city,449,447,448,446,448,448,448,449,452,449,466,472,465
Pomona city,"149,107","149,693","150,453","151,072","152,225","152,407","152,445","152,468","151,925","151,691","151,033","147,125","146,017"
Porterville city,"58,197","58,540","58,708","58,891","58,995","59,721","59,699","59,745","59,685","59,599","62,666","62,788","62,998"
Port Hueneme city,"21,726","21,755","21,823","22,114","22,049","22,334","22,243","22,217","22,117","21,926","21,960","21,735","21,407"
Portola city,"2,093","2,060","2,014","1,961","1,929","1,906","1,927","1,922","1,928","1,930","2,094","2,108","2,041"
Portola Valley town,"4,359","4,410","4,466","4,514","4,572","4,603","4,612","4,596","4,591","4,568","4,441","4,296","4,244"
Poway city,"47,951","48,622","48,997","49,377","49,649","49,877","49,915","49,802","49,576","49,323","48,779","48,408","48,078"
Rancho Cordova city,"65,067","65,970","66,725","67,722","69,389","70,640","72,162","73,398","74,478","75,087","79,503","80,210","80,598"
Rancho Cucamonga city,"166,226","167,928","169,959","170,815","173,220","174,203","175,782","176,921","177,345","177,603","174,571","175,169","176,336"
Rancho Mirage city,"17,218","17,358","17,474","17,607","17,761","17,886","18,053","18,225","18,305","18,528","17,044","17,339","17,633"
Rancho Palos Verdes city,"41,692","42,027","42,202","42,326","42,368","42,401","42,303","42,136","41,821","41,530","42,140","41,256","40,527"
Rancho Santa Margarita city,"47,918","48,331","48,588","49,038","49,069","49,027","48,828","48,566","48,197","47,896","47,873","47,340","46,722"
Red Bluff city,"14,086","14,060","14,056","14,022","13,987","14,097","14,167","14,265","14,303","14,539","14,666","14,575","14,416"
Redding city,"89,895","90,180","90,397","90,773","91,120","90,963","91,203","91,525","91,606","92,590","93,479","93,422","92,906"
Redlands city,"68,807","69,320","69,637","69,800","70,209","70,625","71,027","71,342","71,416","71,513","73,257","73,538","73,849"
Redondo Beach city,"66,933","67,192","67,438","67,629","67,673","67,771","67,809","67,511","67,206","66,749","71,333","69,898","68,918"
Redwood City city,"77,010","77,970","79,188","81,034","82,741","85,274","85,293","86,394","86,105","85,925","84,131","81,522","80,512"
Reedley city,"24,414","24,768","24,848","25,002","25,395","25,541","25,583","25,602","25,607","25,658","25,221","25,174","25,441"
Rialto city,"99,329","100,563","101,278","101,547","102,031","102,485","102,896","103,234","103,232","103,526","104,125","104,305","103,545"
Richmond city,"103,631","104,882","106,023","107,083","107,921","109,062","109,663","109,860","110,189","110,567","116,367","115,731","114,301"
Ridgecrest city,"27,684","27,904","28,275","28,569","28,591","28,616","28,604","28,699","28,851","28,973","27,982","28,150","28,346"
Rio Dell city,"3,372","3,394","3,364","3,365","3,364","3,368","3,399","3,399","3,381","3,349","3,374","3,388","3,358"
Rio Vista city,"7,383","7,443","7,549","7,712","8,005","8,280","8,598","8,952","9,206","9,718","10,105","10,246","10,375"
Ripon city,"14,453","14,603","14,724","14,803","14,998","15,185","15,551","15,754","16,018","16,386","16,074","16,424","16,272"
Riverbank city,"22,762","23,102","23,225","23,400","23,606","23,879","24,271","24,585","24,700","24,881","24,872","24,858","24,826"
Riverside city,"305,466","309,472","312,323","315,510","317,702","320,483","323,684","326,882","329,654","331,360","315,469","313,912","320,764"
Rocklin city,"57,474","58,426","58,962","59,613","60,060","60,908","62,605","64,654","67,065","68,823","71,861","73,082","73,857"
Rohnert Park city,"40,855","40,990","41,070","41,325","42,104","42,293","42,570","42,697","43,676","43,291","44,436","44,573","44,326"
Rolling Hills city,"1,860","1,867","1,878","1,885","1,884","1,882","1,880","1,871","1,861","1,845","1,734","1,699","1,676"
Rolling Hills Estates city,"8,062","8,098","8,145","8,183","8,193","8,211","8,203","8,176","8,114","8,058","8,263","8,146","8,018"
Rosemead city,"53,795","54,022","54,215","54,398","54,429","54,440","54,332","54,221","54,226","54,058","51,082","50,221","49,791"
Roseville city,"119,916","122,725","124,432","126,769","128,397","130,018","132,708","135,077","138,953","141,500","148,486","152,095","154,817"
Ross town,"2,423","2,442","2,452","2,473","2,485","2,482","2,472","2,464","2,457","2,451","2,342","2,339","2,300"
Sacramento city,"467,286","470,902","474,226","478,214","482,762","488,133","494,127","500,777","507,737","513,624","525,668","525,951","528,001"
St. Helena city,"5,824","5,859","5,882","5,921","5,946","6,026","6,103","6,152","6,142","6,102","5,425","5,391","5,196"
Salinas city,"150,887","152,412","153,815","154,958","155,717","156,244","156,830","156,463","155,647","155,465","163,296","163,076","161,020"
San Anselmo town,"12,320","12,418","12,472","12,586","12,623","12,608","12,572","12,523","12,522","12,476","12,804","12,747","12,569"
San Bernardino city,"210,637","212,159","213,161","213,789","214,222","215,325","216,036","216,902","216,323","215,784","222,028","221,242","220,328"
San Bruno city,"41,145","41,558","42,126","42,593","42,992","43,243","43,196","43,207","43,043","42,807","43,783","42,349","41,533"
San Buenaventura (Ventura) city,"107,435","108,306","109,002","109,339","109,535","109,668","109,893","110,093","110,731","109,106","110,518","110,027","109,527"
San Carlos city,"28,417","28,750","29,122","29,426","29,723","29,901","29,894","30,393","30,331","30,185","30,793","30,079","29,586"
San Clemente city,"63,605","64,255","64,612","64,845","64,947","65,142","65,185","64,973","64,699","64,558","64,257","63,842","63,457"
Sand City city,335,337,340,343,377,378,381,384,396,399,323,330,328
San Diego city,"1,305,906","1,319,592","1,336,776","1,355,320","1,375,831","1,387,323","1,402,089","1,412,621","1,421,917","1,423,851","1,386,872","1,374,484","1,381,162"
San Dimas city,"33,377","33,509","33,637","33,745","34,319","34,344","34,236","34,128","33,881","33,621","34,804","34,086","33,535"
San Fernando city,"23,643","23,742","23,777","24,088","24,399","24,708","24,630","24,562","24,437","24,322","23,970","23,757","23,685"
San Francisco city,"805,505","815,650","828,876","839,572","850,750","863,010","871,512","878,040","880,696","881,549","870,393","811,253","808,437"
San Gabriel city,"39,647","39,810","39,944","40,033","40,053","40,089","40,276","40,262","40,197","39,899","39,449","38,676","38,140"
Sanger city,"24,298","24,444","24,504","24,575","24,661","24,802","24,944","25,065","25,256","25,339","26,624","26,721","26,600"
San Jacinto city,"44,417","44,953","45,364","45,829","46,231","46,645","47,319","48,088","48,734","49,215","54,064","55,287","55,470"
San Joaquin city,"3,995","3,993","3,996","4,005","4,004","4,013","4,020","4,026","4,022","4,021","3,698","3,689","3,704"
San Jose city,"954,940","970,369","983,530","1,001,279","1,014,273","1,025,980","1,030,242","1,032,335","1,028,020","1,021,795","1,009,830","981,466","971,233"
San Juan Bautista city,"1,850","1,861","1,879","1,897","1,906","1,926","1,956","1,964","1,954","2,104","2,091","2,141","2,124"
San Juan Capistrano city,"34,483","34,862","35,096","35,525","35,779","35,935","35,941","35,882","35,902","35,911","35,180","34,940","34,548"
San Leandro city,"85,119","85,921","86,976","88,074","89,195","90,538","90,706","90,418","89,713","88,815","90,707","88,440","86,762"
San Luis Obispo city,"45,156","45,346","45,728","46,236","46,478","47,016","47,313","47,344","47,300","47,459","47,152","47,633","48,341"
San Marcos city,"83,926","85,001","86,816","89,423","92,372","93,199","94,932","95,614","96,480","96,664","94,900","93,756","94,854"
San Marino city,"13,104","13,155","13,192","13,235","13,263","13,308","13,291","13,244","13,137","13,048","12,476","12,240","12,039"
San Mateo city,"97,383","98,518","99,816","101,323","102,695","103,509","104,357","104,389","104,885","104,430","105,327","102,400","100,984"
San Pablo city,"29,474","29,517","29,800","30,083","30,365","30,724","30,999","31,077","31,100","30,990","32,078","31,847","31,389"
San Rafael city,"57,797","58,232","58,448","58,995","59,130","59,074","58,918","58,801","58,704","58,440","61,130","60,814","59,971"
San Ramon city,"71,585","72,174","72,850","73,560","74,329","75,138","75,703","75,795","75,851","75,995","86,616","87,023","85,953"
Santa Ana city,"325,327","328,227","330,550","333,716","333,431","333,417","333,765","332,627","331,912","332,318","309,921","308,771","308,189"
Santa Barbara city,"88,468","88,605","89,285","90,082","90,815","91,275","91,518","91,517","91,203","91,364","88,676","88,316","87,533"
Santa Clara city,"116,761","117,836","119,337","120,486","121,967","126,024","126,429","126,709","129,085","130,365","127,894","127,958","126,930"
Santa Clarita city,"208,822","209,843","210,672","211,376","212,283","213,184","213,526","213,734","213,549","212,979","228,065","224,320","221,345"
Santa Cruz city,"60,578","61,434","61,954","62,731","63,172","64,082","64,396","64,815","64,643","64,608","62,885","54,941","61,800"
Santa Fe Springs city,"16,255","16,493","16,711","16,983","17,359","17,859","17,955","17,866","17,774","17,630","19,149","18,755","18,439"
Santa Maria city,"99,689","100,293","101,116","102,057","103,021","104,462","105,811","106,298","107,218","107,263","109,742","109,647","110,125"
Santa Monica city,"89,759","90,476","91,327","92,050","92,087","92,422","92,176","91,747","91,106","90,401","92,803","91,250","89,947"
Santa Paula city,"29,325","29,754","29,919","30,099","30,348","30,336","30,243","30,143","29,930","29,806","30,646","30,763","31,018"
Santa Rosa city,"175,238","176,243","177,093","178,684","180,585","181,485","181,909","181,596","176,750","176,753","177,835","177,149","177,181"
Santee city,"53,640","54,523","55,381","56,151","56,828","57,471","57,678","57,825","57,944","58,081","59,952","59,296","59,051"
Saratoga city,"30,078","30,353","30,685","30,957","31,008","30,977","30,945","30,818","30,535","30,153","30,941","30,132","29,903"
Sausalito city,"6,959","7,018","7,047","7,115","7,159","7,157","7,136","7,108","7,101","7,068","7,252","7,219","7,095"
Scotts Valley city,"11,581","11,621","11,653","11,743","11,828","11,907","11,910","11,891","11,817","11,757","12,235","12,215","12,073"
Seal Beach city,"24,109","24,320","24,456","24,537","24,506","24,475","24,400","24,209","24,050","23,896","25,183","24,921","24,627"
Seaside city,"33,094","33,329","33,731","33,929","33,945","34,255","34,198","33,872","33,782","33,748","32,323","32,074","31,478"
Sebastopol city,"7,474","7,537","7,584","7,656","7,706","7,731","7,742","7,716","7,833","7,674","7,521","7,477","7,338"
Selma city,"23,459","23,570","23,886","24,259","24,325","24,440","24,683","24,695","24,758","24,825","24,658","24,635","24,430"
Shafter city,"17,160","17,440","17,194","17,273","17,612","18,367","18,985","19,472","19,998","20,401","20,023","20,113","21,282"
Shasta Lake city,"10,145","10,101","10,097","10,108","10,112","10,094","10,107","10,165","10,236","10,413","10,371","10,407","10,335"
Sierra Madre city,"10,917","10,959","10,995","11,028","11,056","11,065","11,022","10,968","10,879","10,793","11,238","11,005","10,809"
Signal Hill city,"11,018","11,058","11,142","11,288","11,420","11,466","11,602","11,551","11,516","11,421","11,809","11,559","11,381"
Simi Valley city,"124,463","125,019","125,274","125,868","126,239","126,123","125,958","126,107","125,438","125,613","126,335","126,053","124,398"
Solana Beach city,"12,898","13,013","13,112","13,219","13,283","13,374","13,400","13,377","13,339","13,296","12,931","12,854","12,802"
Soledad city,"26,027","26,391","26,459","25,772","25,239","24,882","25,594","26,154","25,968","25,999","24,692","24,702","24,190"
Solvang city,"5,236","5,259","5,306","5,355","5,468","5,680","5,749","5,865","5,861","5,838","6,117","6,058","5,986"
Sonoma city,"10,668","10,707","10,805","10,872","10,968","11,009","11,047","11,070","11,227","11,024","10,719","10,669","10,466"
Sonora city,"4,899","4,867","4,819","4,814","4,807","4,812","4,820","4,835","4,859","4,864","5,000","5,008","4,956"
South El Monte city,"20,100","20,187","20,261","20,341","20,351","20,688","20,818","20,865","20,729","20,574","19,612","19,557","19,602"
South Gate city,"94,434","94,591","94,577","94,674","94,741","95,597","95,245","94,848","94,135","93,444","92,434","91,012","90,926"
South Lake Tahoe city,"21,410","21,376","21,292","21,360","21,512","21,722","21,761","21,943","22,052","22,197","21,296","21,423","21,175"
South Pasadena city,"25,607","25,701","25,798","25,872","25,897","25,914","25,826","25,707","25,530","25,329","26,851","26,285","25,850"
South San Francisco city,"63,701","64,448","65,581","66,237","66,813","67,221","67,220","67,180","67,617","67,789","66,124","64,361","63,484"
Stanton city,"37,900","38,231","38,374","38,550","38,504","38,655","38,627","38,382","38,172","38,139","37,938","38,025","38,952"
Stockton city,"292,888","295,363","297,045","297,493","301,062","304,550","307,158","310,143","311,628","312,697","321,023","322,607","321,819"
Suisun City city,"28,098","28,267","28,463","28,670","29,064","29,265","29,362","29,477","29,660","29,663","29,470","29,243","28,949"
Sunnyvale city,"140,462","143,805","146,436","148,055","149,769","151,630","153,544","153,217","152,807","152,703","155,264","152,030","153,091"
Susanville city,"17,725","17,273","16,606","15,519","15,505","15,209","14,786","15,239","15,102","15,010","16,426","15,419","13,707"
Sutter Creek city,"2,519","2,501","2,479","2,469","2,480","2,503","2,533","2,572","2,614","2,622","2,654","2,699","2,705"
Taft city,"9,285","9,285","8,922","8,926","8,887","9,466","9,357","9,386","9,381","9,272","7,466","7,048","7,034"
Tehachapi city,"14,367","14,332","13,827","13,289","13,227","13,004","12,471","12,565","12,399","13,011","12,990","12,311","12,389"
Tehama city,419,418,417,415,414,417,418,421,422,373,426,423,423
Temecula city,"100,703","102,640","104,295","106,073","108,671","111,140","112,402","113,987","114,614","114,761","110,013","110,810","111,752"
Temple City city,"35,556","35,721","35,860","35,910","35,922","36,059","36,250","36,152","36,008","35,811","36,400","35,749","35,296"
Thousand Oaks city,"126,732","127,325","127,657","128,224","128,636","128,632","128,480","128,229","127,279","126,813","126,770","126,001","124,265"
Tiburon town,"8,957","9,033","9,072","9,161","9,194","9,190","9,158","9,126","9,121","9,084","9,129","9,092","8,938"
Torrance city,"145,154","145,769","146,257","146,671","146,845","146,950","146,416","145,781","144,706","143,592","146,589","143,509","141,126"
Tracy city,"83,620","84,302","84,727","84,872","85,713","86,953","89,181","90,701","91,818","94,740","93,413","95,252","97,328"
Trinidad city,369,368,363,361,358,357,361,361,360,355,337,336,332
Truckee town,"16,167","16,151","16,083","16,085","16,238","16,266","16,350","16,482","16,537","16,735","16,735","17,038","16,850"
Tulare city,"59,432","59,789","60,625","60,905","61,444","61,915","62,538","63,486","64,274","65,496","69,255","70,788","70,693"
Tulelake city,"1,009","1,003",993,985,986,987,986,986,982,978,900,901,889
Turlock city,"68,848","69,251","69,719","70,261","70,868","71,776","72,578","73,241","73,396","73,631","72,694","72,216","72,309"
Tustin city,"75,472","76,227","77,575","78,122","80,138","80,088","80,245","80,121","79,578","79,348","79,896","79,346","78,418"
Twentynine Palms city,"25,101","25,362","25,607","25,686","25,751","25,871","25,941","26,478","26,371","26,073","28,079","28,345","28,158"
Ukiah city,"16,024","15,919","15,909","15,854","15,873","15,831","15,828","15,956","16,151","15,995","16,576","16,433","16,144"
Union City city,"69,630","70,597","71,642","72,552","73,481","74,343","75,465","75,227","74,560","74,107","69,985","68,363","67,039"
Upland city,"73,884","74,465","74,933","75,188","75,542","75,970","76,374","76,778","76,833","77,140","79,120","79,265","78,841"
Vacaville city,"92,557","93,225","93,660","94,023","95,394","96,224","97,994","99,604","99,949","100,670","101,806","101,447","101,918"
Vallejo city,"116,137","116,709","117,599","118,550","119,602","120,477","120,949","121,546","121,677","121,692","125,886","124,773","123,564"
Vernon city,112,112,113,113,113,113,113,112,111,110,220,215,212
Victorville city,"116,278","117,891","119,831","120,697","121,087","121,442","121,725","121,988","121,952","122,385","134,632","135,921","137,221"
Villa Park city,"5,830","5,882","5,913","5,940","5,933","5,928","5,907","5,867","5,823","5,790","5,826","5,767","5,731"
Visalia city,"124,869","125,649","126,420","127,309","128,482","129,369","130,662","132,388","133,428","134,605","141,859","142,795","143,966"
Vista city,"93,401","94,355","95,307","96,211","96,999","99,623","100,746","100,740","100,784","101,638","98,390","98,563","97,766"
Walnut city,"29,203","29,471","29,842","29,919","29,940","29,990","29,925","30,015","29,910","29,685","28,347","27,776","27,356"
Walnut Creek city,"64,314","64,827","65,529","66,812","67,500","68,747","69,235","69,645","69,843","70,166","70,039","69,863","68,969"
Wasco city,"25,683","25,845","25,471","25,909","26,201","26,161","26,322","26,855","27,915","28,710","25,592","26,891","27,731"
Waterford city,"8,468","8,498","8,541","8,579","8,679","8,744","8,823","8,898","8,936","8,962","9,136","9,160","9,335"
Watsonville city,"51,278","51,593","51,887","52,412","52,959","53,528","53,774","53,919","53,875","53,856","52,506","52,017","51,525"
Weed city,"2,981","2,980","2,938","2,884","2,712","2,542","2,643","2,705","2,695","2,725","2,857","2,801","2,811"
West Covina city,"106,123","106,721","107,082","107,348","107,447","107,540","107,437","106,942","105,964","105,101","109,129","106,868","105,013"
West Hollywood city,"34,359","34,501","34,631","35,101","35,475","35,856","36,510","36,796","36,687","36,475","35,636","34,889","34,514"
Westlake Village city,"8,305","8,350","8,401","8,446","8,452","8,457","8,428","8,392","8,327","8,217","7,995","7,829","7,694"
Westminster city,"89,772","90,710","91,223","91,624","91,555","91,582","91,510","91,176","90,742","90,643","90,786","90,124","89,397"
Westmorland city,"2,234","2,253","2,255","2,256","2,263","2,258","2,267","2,272","2,270","2,254","2,008","2,002","1,990"
West Sacramento city,"48,842","49,106","49,528","49,978","51,637","52,431","52,933","53,304","53,601","53,519","53,914","53,983","55,064"
Wheatland city,"3,514","3,518","3,524","3,508","3,508","3,728","3,763","3,819","3,869","3,873","3,715","3,728","3,789"
Whittier city,"85,319","85,633","85,968","86,326","86,482","86,705","86,600","86,326","85,791","85,098","87,006","85,330","84,496"
Wildomar city,"32,416","32,908","33,230","33,639","35,111","35,317","35,920","36,697","37,086","37,229","36,912","37,197","37,214"
Williams city,"5,110","5,105","5,107","5,125","5,098","5,106","5,145","5,265","5,242","5,408","5,562","5,605","5,646"
Willits city,"4,922","4,881","4,874","4,859","4,862","4,867","4,885","4,898","4,925","4,890","4,969","4,963","4,885"
Willows city,"6,148","6,138","6,084","6,064","6,064","6,011","6,018","6,005","6,004","6,072","6,270","6,212","6,116"
Windsor town,"26,811","26,882","26,994","27,157","27,280","27,373","27,493","27,431","27,769","27,128","26,307","26,138","25,789"
Winters city,"6,621","6,832","6,868","6,894","6,922","7,006","7,139","7,251","7,277","7,315","7,129","7,358","7,540"
Woodlake city,"7,317","7,327","7,355","7,600","7,629","7,625","7,614","7,629","7,621","7,658","7,449","7,577","7,590"
Woodland city,"55,615","55,786","56,272","56,713","57,328","58,385","59,098","59,923","60,474","60,548","61,051","61,538","61,462"
Woodside town,"5,291","5,353","5,412","5,471","5,521","5,555","5,570","5,547","5,504","5,458","5,293","5,138","5,053"
Yorba Linda city,"64,390","65,610","66,282","66,803","67,359","67,527","68,033","67,895","67,589","67,644","68,330","67,925","67,089"
Yountville city,"2,927","2,938","2,944","2,954","2,971","2,992","2,992","2,977","2,982","2,966","3,427","3,420","3,356"
Yreka city,"7,789","7,743","7,646","7,546","7,533","7,539","7,545","7,557","7,523","7,518","7,793","7,826","7,827"
Yuba City city,"65,631","65,364","65,283","65,538","65,757","66,134","66,218","66,564","66,695","67,010","69,949","69,505","69,014"
Yucaipa city,"51,474","51,954","52,280","52,546","52,730","52,981","53,186","53,496","53,557","53,921","54,586","54,713","54,420"
Yucca Valley town,"20,695","20,867","20,991","21,044","21,304","21,431","21,538","21,650","21,691","21,777","21,751","21,817","21,662"